inning,batting_team,bowling_team,ball,non_striker,batsman,bowler,extra_runs,batsman_run,total_runs,extras,player_out,elimination_kind,fielders_caught,match_name,umpires_1,umpires_2,player_of_match,winner,city,venue,dates
1st innings,Delhi Capitals,Rajasthan Royals,0.1,S Dhawan,PP Shaw,Mustafizur Rahman,0,1,1,,,,,DC vs RR 2021-09-25,CB Gaffaney,UV Gandhe,SS Iyer,Delhi Capitals,Abu Dhabi,"Zayed Cricket Stadium, Abu Dhabi",2021-09-25
1st innings,Delhi Capitals,Rajasthan Royals,0.2,PP Shaw,S Dhawan,Mustafizur Rahman,0,1,1,,,,,DC vs RR 2021-09-25,CB Gaffaney,UV Gandhe,SS Iyer,Delhi Capitals,Abu Dhabi,"Zayed Cricket Stadium, Abu Dhabi",2021-09-25
1st innings,Delhi Capitals,Rajasthan Royals,0.3,S Dhawan,PP Shaw,Mustafizur Rahman,0,0,0,,,,,DC vs RR 2021-09-25,CB Gaffaney,UV Gandhe,SS Iyer,Delhi Capitals,Abu Dhabi,"Zayed Cricket Stadium, Abu Dhabi",2021-09-25
1st innings,Delhi Capitals,Rajasthan Royals,0.4,S Dhawan,PP Shaw,Mustafizur Rahman,0,1,1,,,,,DC vs RR 2021-09-25,CB Gaffaney,UV Gandhe,SS Iyer,Delhi Capitals,Abu Dhabi,"Zayed Cricket Stadium, Abu Dhabi",2021-09-25
1st innings,Delhi Capitals,Rajasthan Royals,0.5,PP Shaw,S Dhawan,Mustafizur Rahman,0,1,1,,,,,DC vs RR 2021-09-25,CB Gaffaney,UV Gandhe,SS Iyer,Delhi Capitals,Abu Dhabi,"Zayed Cricket Stadium, Abu Dhabi",2021-09-25
1st innings,Delhi Capitals,Rajasthan Royals,0.6,S Dhawan,PP Shaw,Mustafizur Rahman,0,2,2,,,,,DC vs RR 2021-09-25,CB Gaffaney,UV Gandhe,SS Iyer,Delhi Capitals,Abu Dhabi,"Zayed Cricket Stadium, Abu Dhabi",2021-09-25
1st innings,Delhi Capitals,Rajasthan Royals,1.1,PP Shaw,S Dhawan,MK Lomror,0,4,4,,,,,DC vs RR 2021-09-25,CB Gaffaney,UV Gandhe,SS Iyer,Delhi Capitals,Abu Dhabi,"Zayed Cricket Stadium, Abu Dhabi",2021-09-25
1st innings,Delhi Capitals,Rajasthan Royals,1.2,PP Shaw,S Dhawan,MK Lomror,0,0,0,,,,,DC vs RR 2021-09-25,CB Gaffaney,UV Gandhe,SS Iyer,Delhi Capitals,Abu Dhabi,"Zayed Cricket Stadium, Abu Dhabi",2021-09-25
1st innings,Delhi Capitals,Rajasthan Royals,1.3,PP Shaw,S Dhawan,MK Lomror,0,0,0,,,,,DC vs RR 2021-09-25,CB Gaffaney,UV Gandhe,SS Iyer,Delhi Capitals,Abu Dhabi,"Zayed Cricket Stadium, Abu Dhabi",2021-09-25
1st innings,Delhi Capitals,Rajasthan Royals,1.4,PP Shaw,S Dhawan,MK Lomror,0,1,1,,,,,DC vs RR 2021-09-25,CB Gaffaney,UV Gandhe,SS Iyer,Delhi Capitals,Abu Dhabi,"Zayed Cricket Stadium, Abu Dhabi",2021-09-25
1st innings,Delhi Capitals,Rajasthan Royals,1.5,S Dhawan,PP Shaw,MK Lomror,0,0,0,,,,,DC vs RR 2021-09-25,CB Gaffaney,UV Gandhe,SS Iyer,Delhi Capitals,Abu Dhabi,"Zayed Cricket Stadium, Abu Dhabi",2021-09-25
1st innings,Delhi Capitals,Rajasthan Royals,1.6,S Dhawan,PP Shaw,MK Lomror,0,0,0,,,,,DC vs RR 2021-09-25,CB Gaffaney,UV Gandhe,SS Iyer,Delhi Capitals,Abu Dhabi,"Zayed Cricket Stadium, Abu Dhabi",2021-09-25
1st innings,Delhi Capitals,Rajasthan Royals,2.1,PP Shaw,S Dhawan,C Sakariya,0,1,1,,,,,DC vs RR 2021-09-25,CB Gaffaney,UV Gandhe,SS Iyer,Delhi Capitals,Abu Dhabi,"Zayed Cricket Stadium, Abu Dhabi",2021-09-25
1st innings,Delhi Capitals,Rajasthan Royals,2.2,S Dhawan,PP Shaw,C Sakariya,0,0,0,,,,,DC vs RR 2021-09-25,CB Gaffaney,UV Gandhe,SS Iyer,Delhi Capitals,Abu Dhabi,"Zayed Cricket Stadium, Abu Dhabi",2021-09-25
1st innings,Delhi Capitals,Rajasthan Royals,2.3,S Dhawan,PP Shaw,C Sakariya,0,0,0,,,,,DC vs RR 2021-09-25,CB Gaffaney,UV Gandhe,SS Iyer,Delhi Capitals,Abu Dhabi,"Zayed Cricket Stadium, Abu Dhabi",2021-09-25
1st innings,Delhi Capitals,Rajasthan Royals,2.4,S Dhawan,PP Shaw,C Sakariya,0,2,2,,,,,DC vs RR 2021-09-25,CB Gaffaney,UV Gandhe,SS Iyer,Delhi Capitals,Abu Dhabi,"Zayed Cricket Stadium, Abu Dhabi",2021-09-25
1st innings,Delhi Capitals,Rajasthan Royals,2.5,S Dhawan,PP Shaw,C Sakariya,0,2,2,,,,,DC vs RR 2021-09-25,CB Gaffaney,UV Gandhe,SS Iyer,Delhi Capitals,Abu Dhabi,"Zayed Cricket Stadium, Abu Dhabi",2021-09-25
1st innings,Delhi Capitals,Rajasthan Royals,2.6,S Dhawan,PP Shaw,C Sakariya,0,2,2,,,,,DC vs RR 2021-09-25,CB Gaffaney,UV Gandhe,SS Iyer,Delhi Capitals,Abu Dhabi,"Zayed Cricket Stadium, Abu Dhabi",2021-09-25
1st innings,Delhi Capitals,Rajasthan Royals,3.1,PP Shaw,S Dhawan,Kartik Tyagi,0,0,0,,S Dhawan,bowled,,DC vs RR 2021-09-25,CB Gaffaney,UV Gandhe,SS Iyer,Delhi Capitals,Abu Dhabi,"Zayed Cricket Stadium, Abu Dhabi",2021-09-25
1st innings,Delhi Capitals,Rajasthan Royals,3.2,PP Shaw,SS Iyer,Kartik Tyagi,0,0,0,,,,,DC vs RR 2021-09-25,CB Gaffaney,UV Gandhe,SS Iyer,Delhi Capitals,Abu Dhabi,"Zayed Cricket Stadium, Abu Dhabi",2021-09-25
1st innings,Delhi Capitals,Rajasthan Royals,3.3,PP Shaw,SS Iyer,Kartik Tyagi,0,0,0,,,,,DC vs RR 2021-09-25,CB Gaffaney,UV Gandhe,SS Iyer,Delhi Capitals,Abu Dhabi,"Zayed Cricket Stadium, Abu Dhabi",2021-09-25
1st innings,Delhi Capitals,Rajasthan Royals,3.4,PP Shaw,SS Iyer,Kartik Tyagi,1,0,1,wides,,,,DC vs RR 2021-09-25,CB Gaffaney,UV Gandhe,SS Iyer,Delhi Capitals,Abu Dhabi,"Zayed Cricket Stadium, Abu Dhabi",2021-09-25
1st innings,Delhi Capitals,Rajasthan Royals,3.5,PP Shaw,SS Iyer,Kartik Tyagi,0,0,0,,,,,DC vs RR 2021-09-25,CB Gaffaney,UV Gandhe,SS Iyer,Delhi Capitals,Abu Dhabi,"Zayed Cricket Stadium, Abu Dhabi",2021-09-25
1st innings,Delhi Capitals,Rajasthan Royals,3.6,PP Shaw,SS Iyer,Kartik Tyagi,0,2,2,,,,,DC vs RR 2021-09-25,CB Gaffaney,UV Gandhe,SS Iyer,Delhi Capitals,Abu Dhabi,"Zayed Cricket Stadium, Abu Dhabi",2021-09-25
1st innings,Delhi Capitals,Rajasthan Royals,3.7,PP Shaw,SS Iyer,Kartik Tyagi,0,0,0,,,,,DC vs RR 2021-09-25,CB Gaffaney,UV Gandhe,SS Iyer,Delhi Capitals,Abu Dhabi,"Zayed Cricket Stadium, Abu Dhabi",2021-09-25
1st innings,Delhi Capitals,Rajasthan Royals,4.1,SS Iyer,PP Shaw,C Sakariya,0,0,0,,PP Shaw,caught,LS Livingstone,DC vs RR 2021-09-25,CB Gaffaney,UV Gandhe,SS Iyer,Delhi Capitals,Abu Dhabi,"Zayed Cricket Stadium, Abu Dhabi",2021-09-25
1st innings,Delhi Capitals,Rajasthan Royals,4.2,SS Iyer,RR Pant,C Sakariya,0,1,1,,,,,DC vs RR 2021-09-25,CB Gaffaney,UV Gandhe,SS Iyer,Delhi Capitals,Abu Dhabi,"Zayed Cricket Stadium, Abu Dhabi",2021-09-25
1st innings,Delhi Capitals,Rajasthan Royals,4.3,RR Pant,SS Iyer,C Sakariya,0,1,1,,,,,DC vs RR 2021-09-25,CB Gaffaney,UV Gandhe,SS Iyer,Delhi Capitals,Abu Dhabi,"Zayed Cricket Stadium, Abu Dhabi",2021-09-25
1st innings,Delhi Capitals,Rajasthan Royals,4.4,SS Iyer,RR Pant,C Sakariya,0,1,1,,,,,DC vs RR 2021-09-25,CB Gaffaney,UV Gandhe,SS Iyer,Delhi Capitals,Abu Dhabi,"Zayed Cricket Stadium, Abu Dhabi",2021-09-25
1st innings,Delhi Capitals,Rajasthan Royals,4.5,RR Pant,SS Iyer,C Sakariya,0,1,1,,,,,DC vs RR 2021-09-25,CB Gaffaney,UV Gandhe,SS Iyer,Delhi Capitals,Abu Dhabi,"Zayed Cricket Stadium, Abu Dhabi",2021-09-25
1st innings,Delhi Capitals,Rajasthan Royals,4.6,SS Iyer,RR Pant,C Sakariya,0,0,0,,,,,DC vs RR 2021-09-25,CB Gaffaney,UV Gandhe,SS Iyer,Delhi Capitals,Abu Dhabi,"Zayed Cricket Stadium, Abu Dhabi",2021-09-25
1st innings,Delhi Capitals,Rajasthan Royals,5.1,RR Pant,SS Iyer,Kartik Tyagi,0,4,4,,,,,DC vs RR 2021-09-25,CB Gaffaney,UV Gandhe,SS Iyer,Delhi Capitals,Abu Dhabi,"Zayed Cricket Stadium, Abu Dhabi",2021-09-25
1st innings,Delhi Capitals,Rajasthan Royals,5.2,RR Pant,SS Iyer,Kartik Tyagi,1,0,1,wides,,,,DC vs RR 2021-09-25,CB Gaffaney,UV Gandhe,SS Iyer,Delhi Capitals,Abu Dhabi,"Zayed Cricket Stadium, Abu Dhabi",2021-09-25
1st innings,Delhi Capitals,Rajasthan Royals,5.3,RR Pant,SS Iyer,Kartik Tyagi,0,1,1,,,,,DC vs RR 2021-09-25,CB Gaffaney,UV Gandhe,SS Iyer,Delhi Capitals,Abu Dhabi,"Zayed Cricket Stadium, Abu Dhabi",2021-09-25
1st innings,Delhi Capitals,Rajasthan Royals,5.4,SS Iyer,RR Pant,Kartik Tyagi,0,0,0,,,,,DC vs RR 2021-09-25,CB Gaffaney,UV Gandhe,SS Iyer,Delhi Capitals,Abu Dhabi,"Zayed Cricket Stadium, Abu Dhabi",2021-09-25
1st innings,Delhi Capitals,Rajasthan Royals,5.5,SS Iyer,RR Pant,Kartik Tyagi,0,4,4,,,,,DC vs RR 2021-09-25,CB Gaffaney,UV Gandhe,SS Iyer,Delhi Capitals,Abu Dhabi,"Zayed Cricket Stadium, Abu Dhabi",2021-09-25
1st innings,Delhi Capitals,Rajasthan Royals,5.6,SS Iyer,RR Pant,Kartik Tyagi,0,0,0,,,,,DC vs RR 2021-09-25,CB Gaffaney,UV Gandhe,SS Iyer,Delhi Capitals,Abu Dhabi,"Zayed Cricket Stadium, Abu Dhabi",2021-09-25
1st innings,Delhi Capitals,Rajasthan Royals,5.7,SS Iyer,RR Pant,Kartik Tyagi,0,1,1,,,,,DC vs RR 2021-09-25,CB Gaffaney,UV Gandhe,SS Iyer,Delhi Capitals,Abu Dhabi,"Zayed Cricket Stadium, Abu Dhabi",2021-09-25
1st innings,Delhi Capitals,Rajasthan Royals,6.1,SS Iyer,RR Pant,T Shamsi,0,1,1,,,,,DC vs RR 2021-09-25,CB Gaffaney,UV Gandhe,SS Iyer,Delhi Capitals,Abu Dhabi,"Zayed Cricket Stadium, Abu Dhabi",2021-09-25
1st innings,Delhi Capitals,Rajasthan Royals,6.2,RR Pant,SS Iyer,T Shamsi,0,1,1,,,,,DC vs RR 2021-09-25,CB Gaffaney,UV Gandhe,SS Iyer,Delhi Capitals,Abu Dhabi,"Zayed Cricket Stadium, Abu Dhabi",2021-09-25
1st innings,Delhi Capitals,Rajasthan Royals,6.3,SS Iyer,RR Pant,T Shamsi,0,1,1,,,,,DC vs RR 2021-09-25,CB Gaffaney,UV Gandhe,SS Iyer,Delhi Capitals,Abu Dhabi,"Zayed Cricket Stadium, Abu Dhabi",2021-09-25
1st innings,Delhi Capitals,Rajasthan Royals,6.4,RR Pant,SS Iyer,T Shamsi,0,1,1,,,,,DC vs RR 2021-09-25,CB Gaffaney,UV Gandhe,SS Iyer,Delhi Capitals,Abu Dhabi,"Zayed Cricket Stadium, Abu Dhabi",2021-09-25
1st innings,Delhi Capitals,Rajasthan Royals,6.5,SS Iyer,RR Pant,T Shamsi,0,1,1,,,,,DC vs RR 2021-09-25,CB Gaffaney,UV Gandhe,SS Iyer,Delhi Capitals,Abu Dhabi,"Zayed Cricket Stadium, Abu Dhabi",2021-09-25
1st innings,Delhi Capitals,Rajasthan Royals,6.6,RR Pant,SS Iyer,T Shamsi,0,1,1,,,,,DC vs RR 2021-09-25,CB Gaffaney,UV Gandhe,SS Iyer,Delhi Capitals,Abu Dhabi,"Zayed Cricket Stadium, Abu Dhabi",2021-09-25
1st innings,Delhi Capitals,Rajasthan Royals,7.1,RR Pant,SS Iyer,R Tewatia,0,1,1,,,,,DC vs RR 2021-09-25,CB Gaffaney,UV Gandhe,SS Iyer,Delhi Capitals,Abu Dhabi,"Zayed Cricket Stadium, Abu Dhabi",2021-09-25
1st innings,Delhi Capitals,Rajasthan Royals,7.2,SS Iyer,RR Pant,R Tewatia,0,1,1,,,,,DC vs RR 2021-09-25,CB Gaffaney,UV Gandhe,SS Iyer,Delhi Capitals,Abu Dhabi,"Zayed Cricket Stadium, Abu Dhabi",2021-09-25
1st innings,Delhi Capitals,Rajasthan Royals,7.3,RR Pant,SS Iyer,R Tewatia,0,1,1,,,,,DC vs RR 2021-09-25,CB Gaffaney,UV Gandhe,SS Iyer,Delhi Capitals,Abu Dhabi,"Zayed Cricket Stadium, Abu Dhabi",2021-09-25
1st innings,Delhi Capitals,Rajasthan Royals,7.4,SS Iyer,RR Pant,R Tewatia,0,1,1,,,,,DC vs RR 2021-09-25,CB Gaffaney,UV Gandhe,SS Iyer,Delhi Capitals,Abu Dhabi,"Zayed Cricket Stadium, Abu Dhabi",2021-09-25
1st innings,Delhi Capitals,Rajasthan Royals,7.5,RR Pant,SS Iyer,R Tewatia,0,1,1,,,,,DC vs RR 2021-09-25,CB Gaffaney,UV Gandhe,SS Iyer,Delhi Capitals,Abu Dhabi,"Zayed Cricket Stadium, Abu Dhabi",2021-09-25
1st innings,Delhi Capitals,Rajasthan Royals,7.6,SS Iyer,RR Pant,R Tewatia,0,0,0,,,,,DC vs RR 2021-09-25,CB Gaffaney,UV Gandhe,SS Iyer,Delhi Capitals,Abu Dhabi,"Zayed Cricket Stadium, Abu Dhabi",2021-09-25
1st innings,Delhi Capitals,Rajasthan Royals,8.1,RR Pant,SS Iyer,T Shamsi,0,2,2,,,,,DC vs RR 2021-09-25,CB Gaffaney,UV Gandhe,SS Iyer,Delhi Capitals,Abu Dhabi,"Zayed Cricket Stadium, Abu Dhabi",2021-09-25
1st innings,Delhi Capitals,Rajasthan Royals,8.2,RR Pant,SS Iyer,T Shamsi,0,1,1,,,,,DC vs RR 2021-09-25,CB Gaffaney,UV Gandhe,SS Iyer,Delhi Capitals,Abu Dhabi,"Zayed Cricket Stadium, Abu Dhabi",2021-09-25
1st innings,Delhi Capitals,Rajasthan Royals,8.3,SS Iyer,RR Pant,T Shamsi,0,4,4,,,,,DC vs RR 2021-09-25,CB Gaffaney,UV Gandhe,SS Iyer,Delhi Capitals,Abu Dhabi,"Zayed Cricket Stadium, Abu Dhabi",2021-09-25
1st innings,Delhi Capitals,Rajasthan Royals,8.4,SS Iyer,RR Pant,T Shamsi,0,1,1,,,,,DC vs RR 2021-09-25,CB Gaffaney,UV Gandhe,SS Iyer,Delhi Capitals,Abu Dhabi,"Zayed Cricket Stadium, Abu Dhabi",2021-09-25
1st innings,Delhi Capitals,Rajasthan Royals,8.5,RR Pant,SS Iyer,T Shamsi,0,1,1,,,,,DC vs RR 2021-09-25,CB Gaffaney,UV Gandhe,SS Iyer,Delhi Capitals,Abu Dhabi,"Zayed Cricket Stadium, Abu Dhabi",2021-09-25
1st innings,Delhi Capitals,Rajasthan Royals,8.6,SS Iyer,RR Pant,T Shamsi,0,0,0,,,,,DC vs RR 2021-09-25,CB Gaffaney,UV Gandhe,SS Iyer,Delhi Capitals,Abu Dhabi,"Zayed Cricket Stadium, Abu Dhabi",2021-09-25
1st innings,Delhi Capitals,Rajasthan Royals,9.1,RR Pant,SS Iyer,R Tewatia,0,1,1,,,,,DC vs RR 2021-09-25,CB Gaffaney,UV Gandhe,SS Iyer,Delhi Capitals,Abu Dhabi,"Zayed Cricket Stadium, Abu Dhabi",2021-09-25
1st innings,Delhi Capitals,Rajasthan Royals,9.2,SS Iyer,RR Pant,R Tewatia,0,0,0,,,,,DC vs RR 2021-09-25,CB Gaffaney,UV Gandhe,SS Iyer,Delhi Capitals,Abu Dhabi,"Zayed Cricket Stadium, Abu Dhabi",2021-09-25
1st innings,Delhi Capitals,Rajasthan Royals,9.3,SS Iyer,RR Pant,R Tewatia,0,1,1,,,,,DC vs RR 2021-09-25,CB Gaffaney,UV Gandhe,SS Iyer,Delhi Capitals,Abu Dhabi,"Zayed Cricket Stadium, Abu Dhabi",2021-09-25
1st innings,Delhi Capitals,Rajasthan Royals,9.4,RR Pant,SS Iyer,R Tewatia,0,6,6,,,,,DC vs RR 2021-09-25,CB Gaffaney,UV Gandhe,SS Iyer,Delhi Capitals,Abu Dhabi,"Zayed Cricket Stadium, Abu Dhabi",2021-09-25
1st innings,Delhi Capitals,Rajasthan Royals,9.5,RR Pant,SS Iyer,R Tewatia,0,1,1,,,,,DC vs RR 2021-09-25,CB Gaffaney,UV Gandhe,SS Iyer,Delhi Capitals,Abu Dhabi,"Zayed Cricket Stadium, Abu Dhabi",2021-09-25
1st innings,Delhi Capitals,Rajasthan Royals,9.6,SS Iyer,RR Pant,R Tewatia,0,1,1,,,,,DC vs RR 2021-09-25,CB Gaffaney,UV Gandhe,SS Iyer,Delhi Capitals,Abu Dhabi,"Zayed Cricket Stadium, Abu Dhabi",2021-09-25
1st innings,Delhi Capitals,Rajasthan Royals,10.1,SS Iyer,RR Pant,T Shamsi,0,1,1,,,,,DC vs RR 2021-09-25,CB Gaffaney,UV Gandhe,SS Iyer,Delhi Capitals,Abu Dhabi,"Zayed Cricket Stadium, Abu Dhabi",2021-09-25
1st innings,Delhi Capitals,Rajasthan Royals,10.2,RR Pant,SS Iyer,T Shamsi,0,2,2,,,,,DC vs RR 2021-09-25,CB Gaffaney,UV Gandhe,SS Iyer,Delhi Capitals,Abu Dhabi,"Zayed Cricket Stadium, Abu Dhabi",2021-09-25
1st innings,Delhi Capitals,Rajasthan Royals,10.3,RR Pant,SS Iyer,T Shamsi,0,6,6,,,,,DC vs RR 2021-09-25,CB Gaffaney,UV Gandhe,SS Iyer,Delhi Capitals,Abu Dhabi,"Zayed Cricket Stadium, Abu Dhabi",2021-09-25
1st innings,Delhi Capitals,Rajasthan Royals,10.4,RR Pant,SS Iyer,T Shamsi,0,2,2,,,,,DC vs RR 2021-09-25,CB Gaffaney,UV Gandhe,SS Iyer,Delhi Capitals,Abu Dhabi,"Zayed Cricket Stadium, Abu Dhabi",2021-09-25
1st innings,Delhi Capitals,Rajasthan Royals,10.5,RR Pant,SS Iyer,T Shamsi,0,1,1,,,,,DC vs RR 2021-09-25,CB Gaffaney,UV Gandhe,SS Iyer,Delhi Capitals,Abu Dhabi,"Zayed Cricket Stadium, Abu Dhabi",2021-09-25
1st innings,Delhi Capitals,Rajasthan Royals,10.6,SS Iyer,RR Pant,T Shamsi,0,1,1,,,,,DC vs RR 2021-09-25,CB Gaffaney,UV Gandhe,SS Iyer,Delhi Capitals,Abu Dhabi,"Zayed Cricket Stadium, Abu Dhabi",2021-09-25
1st innings,Delhi Capitals,Rajasthan Royals,11.1,SS Iyer,RR Pant,Mustafizur Rahman,0,1,1,,,,,DC vs RR 2021-09-25,CB Gaffaney,UV Gandhe,SS Iyer,Delhi Capitals,Abu Dhabi,"Zayed Cricket Stadium, Abu Dhabi",2021-09-25
1st innings,Delhi Capitals,Rajasthan Royals,11.2,RR Pant,SS Iyer,Mustafizur Rahman,0,1,1,,,,,DC vs RR 2021-09-25,CB Gaffaney,UV Gandhe,SS Iyer,Delhi Capitals,Abu Dhabi,"Zayed Cricket Stadium, Abu Dhabi",2021-09-25
1st innings,Delhi Capitals,Rajasthan Royals,11.3,SS Iyer,RR Pant,Mustafizur Rahman,0,2,2,,,,,DC vs RR 2021-09-25,CB Gaffaney,UV Gandhe,SS Iyer,Delhi Capitals,Abu Dhabi,"Zayed Cricket Stadium, Abu Dhabi",2021-09-25
1st innings,Delhi Capitals,Rajasthan Royals,11.4,SS Iyer,RR Pant,Mustafizur Rahman,0,0,0,,RR Pant,bowled,,DC vs RR 2021-09-25,CB Gaffaney,UV Gandhe,SS Iyer,Delhi Capitals,Abu Dhabi,"Zayed Cricket Stadium, Abu Dhabi",2021-09-25
1st innings,Delhi Capitals,Rajasthan Royals,11.5,SS Iyer,SO Hetmyer,Mustafizur Rahman,0,0,0,,,,,DC vs RR 2021-09-25,CB Gaffaney,UV Gandhe,SS Iyer,Delhi Capitals,Abu Dhabi,"Zayed Cricket Stadium, Abu Dhabi",2021-09-25
1st innings,Delhi Capitals,Rajasthan Royals,11.6,SS Iyer,SO Hetmyer,Mustafizur Rahman,0,1,1,,,,,DC vs RR 2021-09-25,CB Gaffaney,UV Gandhe,SS Iyer,Delhi Capitals,Abu Dhabi,"Zayed Cricket Stadium, Abu Dhabi",2021-09-25
1st innings,Delhi Capitals,Rajasthan Royals,12.1,SS Iyer,SO Hetmyer,T Shamsi,0,1,1,,,,,DC vs RR 2021-09-25,CB Gaffaney,UV Gandhe,SS Iyer,Delhi Capitals,Abu Dhabi,"Zayed Cricket Stadium, Abu Dhabi",2021-09-25
1st innings,Delhi Capitals,Rajasthan Royals,12.2,SO Hetmyer,SS Iyer,T Shamsi,0,0,0,,,,,DC vs RR 2021-09-25,CB Gaffaney,UV Gandhe,SS Iyer,Delhi Capitals,Abu Dhabi,"Zayed Cricket Stadium, Abu Dhabi",2021-09-25
1st innings,Delhi Capitals,Rajasthan Royals,12.3,SO Hetmyer,SS Iyer,T Shamsi,0,1,1,,,,,DC vs RR 2021-09-25,CB Gaffaney,UV Gandhe,SS Iyer,Delhi Capitals,Abu Dhabi,"Zayed Cricket Stadium, Abu Dhabi",2021-09-25
1st innings,Delhi Capitals,Rajasthan Royals,12.4,SS Iyer,SO Hetmyer,T Shamsi,0,1,1,,,,,DC vs RR 2021-09-25,CB Gaffaney,UV Gandhe,SS Iyer,Delhi Capitals,Abu Dhabi,"Zayed Cricket Stadium, Abu Dhabi",2021-09-25
1st innings,Delhi Capitals,Rajasthan Royals,12.5,SO Hetmyer,SS Iyer,T Shamsi,0,2,2,,,,,DC vs RR 2021-09-25,CB Gaffaney,UV Gandhe,SS Iyer,Delhi Capitals,Abu Dhabi,"Zayed Cricket Stadium, Abu Dhabi",2021-09-25
1st innings,Delhi Capitals,Rajasthan Royals,12.6,SO Hetmyer,SS Iyer,T Shamsi,0,1,1,,,,,DC vs RR 2021-09-25,CB Gaffaney,UV Gandhe,SS Iyer,Delhi Capitals,Abu Dhabi,"Zayed Cricket Stadium, Abu Dhabi",2021-09-25
1st innings,Delhi Capitals,Rajasthan Royals,13.1,SO Hetmyer,SS Iyer,R Tewatia,0,0,0,,,,,DC vs RR 2021-09-25,CB Gaffaney,UV Gandhe,SS Iyer,Delhi Capitals,Abu Dhabi,"Zayed Cricket Stadium, Abu Dhabi",2021-09-25
1st innings,Delhi Capitals,Rajasthan Royals,13.2,SO Hetmyer,SS Iyer,R Tewatia,0,0,0,,SS Iyer,stumped,SV Samson,DC vs RR 2021-09-25,CB Gaffaney,UV Gandhe,SS Iyer,Delhi Capitals,Abu Dhabi,"Zayed Cricket Stadium, Abu Dhabi",2021-09-25
1st innings,Delhi Capitals,Rajasthan Royals,13.3,SO Hetmyer,Lalit Yadav,R Tewatia,0,0,0,,,,,DC vs RR 2021-09-25,CB Gaffaney,UV Gandhe,SS Iyer,Delhi Capitals,Abu Dhabi,"Zayed Cricket Stadium, Abu Dhabi",2021-09-25
1st innings,Delhi Capitals,Rajasthan Royals,13.4,SO Hetmyer,Lalit Yadav,R Tewatia,0,0,0,,,,,DC vs RR 2021-09-25,CB Gaffaney,UV Gandhe,SS Iyer,Delhi Capitals,Abu Dhabi,"Zayed Cricket Stadium, Abu Dhabi",2021-09-25
1st innings,Delhi Capitals,Rajasthan Royals,13.5,SO Hetmyer,Lalit Yadav,R Tewatia,0,1,1,,,,,DC vs RR 2021-09-25,CB Gaffaney,UV Gandhe,SS Iyer,Delhi Capitals,Abu Dhabi,"Zayed Cricket Stadium, Abu Dhabi",2021-09-25
1st innings,Delhi Capitals,Rajasthan Royals,13.6,Lalit Yadav,SO Hetmyer,R Tewatia,0,1,1,,,,,DC vs RR 2021-09-25,CB Gaffaney,UV Gandhe,SS Iyer,Delhi Capitals,Abu Dhabi,"Zayed Cricket Stadium, Abu Dhabi",2021-09-25
1st innings,Delhi Capitals,Rajasthan Royals,14.1,Lalit Yadav,SO Hetmyer,C Sakariya,0,2,2,,,,,DC vs RR 2021-09-25,CB Gaffaney,UV Gandhe,SS Iyer,Delhi Capitals,Abu Dhabi,"Zayed Cricket Stadium, Abu Dhabi",2021-09-25
1st innings,Delhi Capitals,Rajasthan Royals,14.2,Lalit Yadav,SO Hetmyer,C Sakariya,0,4,4,,,,,DC vs RR 2021-09-25,CB Gaffaney,UV Gandhe,SS Iyer,Delhi Capitals,Abu Dhabi,"Zayed Cricket Stadium, Abu Dhabi",2021-09-25
1st innings,Delhi Capitals,Rajasthan Royals,14.3,Lalit Yadav,SO Hetmyer,C Sakariya,0,0,0,,,,,DC vs RR 2021-09-25,CB Gaffaney,UV Gandhe,SS Iyer,Delhi Capitals,Abu Dhabi,"Zayed Cricket Stadium, Abu Dhabi",2021-09-25
1st innings,Delhi Capitals,Rajasthan Royals,14.4,Lalit Yadav,SO Hetmyer,C Sakariya,0,4,4,,,,,DC vs RR 2021-09-25,CB Gaffaney,UV Gandhe,SS Iyer,Delhi Capitals,Abu Dhabi,"Zayed Cricket Stadium, Abu Dhabi",2021-09-25
1st innings,Delhi Capitals,Rajasthan Royals,14.5,Lalit Yadav,SO Hetmyer,C Sakariya,0,1,1,,,,,DC vs RR 2021-09-25,CB Gaffaney,UV Gandhe,SS Iyer,Delhi Capitals,Abu Dhabi,"Zayed Cricket Stadium, Abu Dhabi",2021-09-25
1st innings,Delhi Capitals,Rajasthan Royals,14.6,SO Hetmyer,Lalit Yadav,C Sakariya,0,1,1,,,,,DC vs RR 2021-09-25,CB Gaffaney,UV Gandhe,SS Iyer,Delhi Capitals,Abu Dhabi,"Zayed Cricket Stadium, Abu Dhabi",2021-09-25
1st innings,Delhi Capitals,Rajasthan Royals,15.1,SO Hetmyer,Lalit Yadav,Kartik Tyagi,1,0,1,legbyes,,,,DC vs RR 2021-09-25,CB Gaffaney,UV Gandhe,SS Iyer,Delhi Capitals,Abu Dhabi,"Zayed Cricket Stadium, Abu Dhabi",2021-09-25
1st innings,Delhi Capitals,Rajasthan Royals,15.2,Lalit Yadav,SO Hetmyer,Kartik Tyagi,1,0,1,wides,,,,DC vs RR 2021-09-25,CB Gaffaney,UV Gandhe,SS Iyer,Delhi Capitals,Abu Dhabi,"Zayed Cricket Stadium, Abu Dhabi",2021-09-25
1st innings,Delhi Capitals,Rajasthan Royals,15.3,Lalit Yadav,SO Hetmyer,Kartik Tyagi,0,4,4,,,,,DC vs RR 2021-09-25,CB Gaffaney,UV Gandhe,SS Iyer,Delhi Capitals,Abu Dhabi,"Zayed Cricket Stadium, Abu Dhabi",2021-09-25
1st innings,Delhi Capitals,Rajasthan Royals,15.4,Lalit Yadav,SO Hetmyer,Kartik Tyagi,0,4,4,,,,,DC vs RR 2021-09-25,CB Gaffaney,UV Gandhe,SS Iyer,Delhi Capitals,Abu Dhabi,"Zayed Cricket Stadium, Abu Dhabi",2021-09-25
1st innings,Delhi Capitals,Rajasthan Royals,15.5,Lalit Yadav,SO Hetmyer,Kartik Tyagi,0,1,1,,,,,DC vs RR 2021-09-25,CB Gaffaney,UV Gandhe,SS Iyer,Delhi Capitals,Abu Dhabi,"Zayed Cricket Stadium, Abu Dhabi",2021-09-25
1st innings,Delhi Capitals,Rajasthan Royals,15.6,SO Hetmyer,Lalit Yadav,Kartik Tyagi,0,1,1,,,,,DC vs RR 2021-09-25,CB Gaffaney,UV Gandhe,SS Iyer,Delhi Capitals,Abu Dhabi,"Zayed Cricket Stadium, Abu Dhabi",2021-09-25
1st innings,Delhi Capitals,Rajasthan Royals,15.7,Lalit Yadav,SO Hetmyer,Kartik Tyagi,0,4,4,,,,,DC vs RR 2021-09-25,CB Gaffaney,UV Gandhe,SS Iyer,Delhi Capitals,Abu Dhabi,"Zayed Cricket Stadium, Abu Dhabi",2021-09-25
1st innings,Delhi Capitals,Rajasthan Royals,16.1,SO Hetmyer,Lalit Yadav,Mustafizur Rahman,0,1,1,,,,,DC vs RR 2021-09-25,CB Gaffaney,UV Gandhe,SS Iyer,Delhi Capitals,Abu Dhabi,"Zayed Cricket Stadium, Abu Dhabi",2021-09-25
1st innings,Delhi Capitals,Rajasthan Royals,16.2,Lalit Yadav,SO Hetmyer,Mustafizur Rahman,0,0,0,,,,,DC vs RR 2021-09-25,CB Gaffaney,UV Gandhe,SS Iyer,Delhi Capitals,Abu Dhabi,"Zayed Cricket Stadium, Abu Dhabi",2021-09-25
1st innings,Delhi Capitals,Rajasthan Royals,16.3,Lalit Yadav,SO Hetmyer,Mustafizur Rahman,0,0,0,,SO Hetmyer,caught,C Sakariya,DC vs RR 2021-09-25,CB Gaffaney,UV Gandhe,SS Iyer,Delhi Capitals,Abu Dhabi,"Zayed Cricket Stadium, Abu Dhabi",2021-09-25
1st innings,Delhi Capitals,Rajasthan Royals,16.4,Lalit Yadav,AR Patel,Mustafizur Rahman,0,1,1,,,,,DC vs RR 2021-09-25,CB Gaffaney,UV Gandhe,SS Iyer,Delhi Capitals,Abu Dhabi,"Zayed Cricket Stadium, Abu Dhabi",2021-09-25
1st innings,Delhi Capitals,Rajasthan Royals,16.5,AR Patel,Lalit Yadav,Mustafizur Rahman,0,1,1,,,,,DC vs RR 2021-09-25,CB Gaffaney,UV Gandhe,SS Iyer,Delhi Capitals,Abu Dhabi,"Zayed Cricket Stadium, Abu Dhabi",2021-09-25
1st innings,Delhi Capitals,Rajasthan Royals,16.6,Lalit Yadav,AR Patel,Mustafizur Rahman,0,1,1,,,,,DC vs RR 2021-09-25,CB Gaffaney,UV Gandhe,SS Iyer,Delhi Capitals,Abu Dhabi,"Zayed Cricket Stadium, Abu Dhabi",2021-09-25
1st innings,Delhi Capitals,Rajasthan Royals,17.1,Lalit Yadav,AR Patel,Kartik Tyagi,0,2,2,,,,,DC vs RR 2021-09-25,CB Gaffaney,UV Gandhe,SS Iyer,Delhi Capitals,Abu Dhabi,"Zayed Cricket Stadium, Abu Dhabi",2021-09-25
1st innings,Delhi Capitals,Rajasthan Royals,17.2,Lalit Yadav,AR Patel,Kartik Tyagi,0,1,1,,,,,DC vs RR 2021-09-25,CB Gaffaney,UV Gandhe,SS Iyer,Delhi Capitals,Abu Dhabi,"Zayed Cricket Stadium, Abu Dhabi",2021-09-25
1st innings,Delhi Capitals,Rajasthan Royals,17.3,AR Patel,Lalit Yadav,Kartik Tyagi,0,1,1,,,,,DC vs RR 2021-09-25,CB Gaffaney,UV Gandhe,SS Iyer,Delhi Capitals,Abu Dhabi,"Zayed Cricket Stadium, Abu Dhabi",2021-09-25
1st innings,Delhi Capitals,Rajasthan Royals,17.4,Lalit Yadav,AR Patel,Kartik Tyagi,1,0,1,wides,,,,DC vs RR 2021-09-25,CB Gaffaney,UV Gandhe,SS Iyer,Delhi Capitals,Abu Dhabi,"Zayed Cricket Stadium, Abu Dhabi",2021-09-25
1st innings,Delhi Capitals,Rajasthan Royals,17.5,Lalit Yadav,AR Patel,Kartik Tyagi,1,0,1,wides,,,,DC vs RR 2021-09-25,CB Gaffaney,UV Gandhe,SS Iyer,Delhi Capitals,Abu Dhabi,"Zayed Cricket Stadium, Abu Dhabi",2021-09-25
1st innings,Delhi Capitals,Rajasthan Royals,17.6,Lalit Yadav,AR Patel,Kartik Tyagi,0,1,1,,,,,DC vs RR 2021-09-25,CB Gaffaney,UV Gandhe,SS Iyer,Delhi Capitals,Abu Dhabi,"Zayed Cricket Stadium, Abu Dhabi",2021-09-25
1st innings,Delhi Capitals,Rajasthan Royals,17.7,AR Patel,Lalit Yadav,Kartik Tyagi,0,0,0,,,,,DC vs RR 2021-09-25,CB Gaffaney,UV Gandhe,SS Iyer,Delhi Capitals,Abu Dhabi,"Zayed Cricket Stadium, Abu Dhabi",2021-09-25
1st innings,Delhi Capitals,Rajasthan Royals,17.8,AR Patel,Lalit Yadav,Kartik Tyagi,0,4,4,,,,,DC vs RR 2021-09-25,CB Gaffaney,UV Gandhe,SS Iyer,Delhi Capitals,Abu Dhabi,"Zayed Cricket Stadium, Abu Dhabi",2021-09-25
1st innings,Delhi Capitals,Rajasthan Royals,18.1,Lalit Yadav,AR Patel,C Sakariya,0,6,6,,,,,DC vs RR 2021-09-25,CB Gaffaney,UV Gandhe,SS Iyer,Delhi Capitals,Abu Dhabi,"Zayed Cricket Stadium, Abu Dhabi",2021-09-25
1st innings,Delhi Capitals,Rajasthan Royals,18.2,Lalit Yadav,AR Patel,C Sakariya,1,0,1,wides,,,,DC vs RR 2021-09-25,CB Gaffaney,UV Gandhe,SS Iyer,Delhi Capitals,Abu Dhabi,"Zayed Cricket Stadium, Abu Dhabi",2021-09-25
1st innings,Delhi Capitals,Rajasthan Royals,18.3,Lalit Yadav,AR Patel,C Sakariya,0,0,0,,AR Patel,caught,DA Miller,DC vs RR 2021-09-25,CB Gaffaney,UV Gandhe,SS Iyer,Delhi Capitals,Abu Dhabi,"Zayed Cricket Stadium, Abu Dhabi",2021-09-25
1st innings,Delhi Capitals,Rajasthan Royals,18.4,R Ashwin,Lalit Yadav,C Sakariya,0,1,1,,,,,DC vs RR 2021-09-25,CB Gaffaney,UV Gandhe,SS Iyer,Delhi Capitals,Abu Dhabi,"Zayed Cricket Stadium, Abu Dhabi",2021-09-25
1st innings,Delhi Capitals,Rajasthan Royals,18.5,Lalit Yadav,R Ashwin,C Sakariya,0,1,1,,,,,DC vs RR 2021-09-25,CB Gaffaney,UV Gandhe,SS Iyer,Delhi Capitals,Abu Dhabi,"Zayed Cricket Stadium, Abu Dhabi",2021-09-25
1st innings,Delhi Capitals,Rajasthan Royals,18.6,R Ashwin,Lalit Yadav,C Sakariya,0,1,1,,,,,DC vs RR 2021-09-25,CB Gaffaney,UV Gandhe,SS Iyer,Delhi Capitals,Abu Dhabi,"Zayed Cricket Stadium, Abu Dhabi",2021-09-25
1st innings,Delhi Capitals,Rajasthan Royals,18.7,Lalit Yadav,R Ashwin,C Sakariya,0,0,0,,,,,DC vs RR 2021-09-25,CB Gaffaney,UV Gandhe,SS Iyer,Delhi Capitals,Abu Dhabi,"Zayed Cricket Stadium, Abu Dhabi",2021-09-25
1st innings,Delhi Capitals,Rajasthan Royals,19.1,R Ashwin,Lalit Yadav,Mustafizur Rahman,0,1,1,,,,,DC vs RR 2021-09-25,CB Gaffaney,UV Gandhe,SS Iyer,Delhi Capitals,Abu Dhabi,"Zayed Cricket Stadium, Abu Dhabi",2021-09-25
1st innings,Delhi Capitals,Rajasthan Royals,19.2,Lalit Yadav,R Ashwin,Mustafizur Rahman,0,1,1,,,,,DC vs RR 2021-09-25,CB Gaffaney,UV Gandhe,SS Iyer,Delhi Capitals,Abu Dhabi,"Zayed Cricket Stadium, Abu Dhabi",2021-09-25
1st innings,Delhi Capitals,Rajasthan Royals,19.3,R Ashwin,Lalit Yadav,Mustafizur Rahman,0,1,1,,,,,DC vs RR 2021-09-25,CB Gaffaney,UV Gandhe,SS Iyer,Delhi Capitals,Abu Dhabi,"Zayed Cricket Stadium, Abu Dhabi",2021-09-25
1st innings,Delhi Capitals,Rajasthan Royals,19.4,Lalit Yadav,R Ashwin,Mustafizur Rahman,0,2,2,,,,,DC vs RR 2021-09-25,CB Gaffaney,UV Gandhe,SS Iyer,Delhi Capitals,Abu Dhabi,"Zayed Cricket Stadium, Abu Dhabi",2021-09-25
1st innings,Delhi Capitals,Rajasthan Royals,19.5,Lalit Yadav,R Ashwin,Mustafizur Rahman,2,0,2,byes,,,,DC vs RR 2021-09-25,CB Gaffaney,UV Gandhe,SS Iyer,Delhi Capitals,Abu Dhabi,"Zayed Cricket Stadium, Abu Dhabi",2021-09-25
1st innings,Delhi Capitals,Rajasthan Royals,19.6,Lalit Yadav,R Ashwin,Mustafizur Rahman,0,2,2,,,,,DC vs RR 2021-09-25,CB Gaffaney,UV Gandhe,SS Iyer,Delhi Capitals,Abu Dhabi,"Zayed Cricket Stadium, Abu Dhabi",2021-09-25
2nd innings,Rajasthan Royals,Delhi Capitals,0.1,YBK Jaiswal,LS Livingstone,Avesh Khan,0,1,1,,,,,DC vs RR 2021-09-25,CB Gaffaney,UV Gandhe,SS Iyer,Delhi Capitals,Abu Dhabi,"Zayed Cricket Stadium, Abu Dhabi",2021-09-25
2nd innings,Rajasthan Royals,Delhi Capitals,0.2,LS Livingstone,YBK Jaiswal,Avesh Khan,0,2,2,,,,,DC vs RR 2021-09-25,CB Gaffaney,UV Gandhe,SS Iyer,Delhi Capitals,Abu Dhabi,"Zayed Cricket Stadium, Abu Dhabi",2021-09-25
2nd innings,Rajasthan Royals,Delhi Capitals,0.3,LS Livingstone,YBK Jaiswal,Avesh Khan,0,0,0,,,,,DC vs RR 2021-09-25,CB Gaffaney,UV Gandhe,SS Iyer,Delhi Capitals,Abu Dhabi,"Zayed Cricket Stadium, Abu Dhabi",2021-09-25
2nd innings,Rajasthan Royals,Delhi Capitals,0.4,LS Livingstone,YBK Jaiswal,Avesh Khan,0,3,3,,,,,DC vs RR 2021-09-25,CB Gaffaney,UV Gandhe,SS Iyer,Delhi Capitals,Abu Dhabi,"Zayed Cricket Stadium, Abu Dhabi",2021-09-25
2nd innings,Rajasthan Royals,Delhi Capitals,0.5,YBK Jaiswal,LS Livingstone,Avesh Khan,0,0,0,,,,,DC vs RR 2021-09-25,CB Gaffaney,UV Gandhe,SS Iyer,Delhi Capitals,Abu Dhabi,"Zayed Cricket Stadium, Abu Dhabi",2021-09-25
2nd innings,Rajasthan Royals,Delhi Capitals,0.6,YBK Jaiswal,LS Livingstone,Avesh Khan,0,0,0,,LS Livingstone,caught,RR Pant,DC vs RR 2021-09-25,CB Gaffaney,UV Gandhe,SS Iyer,Delhi Capitals,Abu Dhabi,"Zayed Cricket Stadium, Abu Dhabi",2021-09-25
2nd innings,Rajasthan Royals,Delhi Capitals,1.1,SV Samson,YBK Jaiswal,A Nortje,0,0,0,,YBK Jaiswal,caught,RR Pant,DC vs RR 2021-09-25,CB Gaffaney,UV Gandhe,SS Iyer,Delhi Capitals,Abu Dhabi,"Zayed Cricket Stadium, Abu Dhabi",2021-09-25
2nd innings,Rajasthan Royals,Delhi Capitals,1.2,SV Samson,DA Miller,A Nortje,0,0,0,,,,,DC vs RR 2021-09-25,CB Gaffaney,UV Gandhe,SS Iyer,Delhi Capitals,Abu Dhabi,"Zayed Cricket Stadium, Abu Dhabi",2021-09-25
2nd innings,Rajasthan Royals,Delhi Capitals,1.3,SV Samson,DA Miller,A Nortje,0,0,0,,,,,DC vs RR 2021-09-25,CB Gaffaney,UV Gandhe,SS Iyer,Delhi Capitals,Abu Dhabi,"Zayed Cricket Stadium, Abu Dhabi",2021-09-25
2nd innings,Rajasthan Royals,Delhi Capitals,1.4,SV Samson,DA Miller,A Nortje,0,1,1,,,,,DC vs RR 2021-09-25,CB Gaffaney,UV Gandhe,SS Iyer,Delhi Capitals,Abu Dhabi,"Zayed Cricket Stadium, Abu Dhabi",2021-09-25
2nd innings,Rajasthan Royals,Delhi Capitals,1.5,DA Miller,SV Samson,A Nortje,0,1,1,,,,,DC vs RR 2021-09-25,CB Gaffaney,UV Gandhe,SS Iyer,Delhi Capitals,Abu Dhabi,"Zayed Cricket Stadium, Abu Dhabi",2021-09-25
2nd innings,Rajasthan Royals,Delhi Capitals,1.6,SV Samson,DA Miller,A Nortje,0,3,3,,,,,DC vs RR 2021-09-25,CB Gaffaney,UV Gandhe,SS Iyer,Delhi Capitals,Abu Dhabi,"Zayed Cricket Stadium, Abu Dhabi",2021-09-25
2nd innings,Rajasthan Royals,Delhi Capitals,2.1,SV Samson,DA Miller,Avesh Khan,0,0,0,,,,,DC vs RR 2021-09-25,CB Gaffaney,UV Gandhe,SS Iyer,Delhi Capitals,Abu Dhabi,"Zayed Cricket Stadium, Abu Dhabi",2021-09-25
2nd innings,Rajasthan Royals,Delhi Capitals,2.2,SV Samson,DA Miller,Avesh Khan,0,1,1,,,,,DC vs RR 2021-09-25,CB Gaffaney,UV Gandhe,SS Iyer,Delhi Capitals,Abu Dhabi,"Zayed Cricket Stadium, Abu Dhabi",2021-09-25
2nd innings,Rajasthan Royals,Delhi Capitals,2.3,DA Miller,SV Samson,Avesh Khan,0,1,1,,,,,DC vs RR 2021-09-25,CB Gaffaney,UV Gandhe,SS Iyer,Delhi Capitals,Abu Dhabi,"Zayed Cricket Stadium, Abu Dhabi",2021-09-25
2nd innings,Rajasthan Royals,Delhi Capitals,2.4,SV Samson,DA Miller,Avesh Khan,0,1,1,,,,,DC vs RR 2021-09-25,CB Gaffaney,UV Gandhe,SS Iyer,Delhi Capitals,Abu Dhabi,"Zayed Cricket Stadium, Abu Dhabi",2021-09-25
2nd innings,Rajasthan Royals,Delhi Capitals,2.5,DA Miller,SV Samson,Avesh Khan,0,0,0,,,,,DC vs RR 2021-09-25,CB Gaffaney,UV Gandhe,SS Iyer,Delhi Capitals,Abu Dhabi,"Zayed Cricket Stadium, Abu Dhabi",2021-09-25
2nd innings,Rajasthan Royals,Delhi Capitals,2.6,DA Miller,SV Samson,Avesh Khan,0,1,1,,,,,DC vs RR 2021-09-25,CB Gaffaney,UV Gandhe,SS Iyer,Delhi Capitals,Abu Dhabi,"Zayed Cricket Stadium, Abu Dhabi",2021-09-25
2nd innings,Rajasthan Royals,Delhi Capitals,3.1,DA Miller,SV Samson,A Nortje,0,0,0,,,,,DC vs RR 2021-09-25,CB Gaffaney,UV Gandhe,SS Iyer,Delhi Capitals,Abu Dhabi,"Zayed Cricket Stadium, Abu Dhabi",2021-09-25
2nd innings,Rajasthan Royals,Delhi Capitals,3.2,DA Miller,SV Samson,A Nortje,0,0,0,,,,,DC vs RR 2021-09-25,CB Gaffaney,UV Gandhe,SS Iyer,Delhi Capitals,Abu Dhabi,"Zayed Cricket Stadium, Abu Dhabi",2021-09-25
2nd innings,Rajasthan Royals,Delhi Capitals,3.3,DA Miller,SV Samson,A Nortje,0,0,0,,,,,DC vs RR 2021-09-25,CB Gaffaney,UV Gandhe,SS Iyer,Delhi Capitals,Abu Dhabi,"Zayed Cricket Stadium, Abu Dhabi",2021-09-25
2nd innings,Rajasthan Royals,Delhi Capitals,3.4,DA Miller,SV Samson,A Nortje,0,1,1,,,,,DC vs RR 2021-09-25,CB Gaffaney,UV Gandhe,SS Iyer,Delhi Capitals,Abu Dhabi,"Zayed Cricket Stadium, Abu Dhabi",2021-09-25
2nd innings,Rajasthan Royals,Delhi Capitals,3.5,SV Samson,DA Miller,A Nortje,0,1,1,,,,,DC vs RR 2021-09-25,CB Gaffaney,UV Gandhe,SS Iyer,Delhi Capitals,Abu Dhabi,"Zayed Cricket Stadium, Abu Dhabi",2021-09-25
2nd innings,Rajasthan Royals,Delhi Capitals,3.6,DA Miller,SV Samson,A Nortje,0,0,0,,,,,DC vs RR 2021-09-25,CB Gaffaney,UV Gandhe,SS Iyer,Delhi Capitals,Abu Dhabi,"Zayed Cricket Stadium, Abu Dhabi",2021-09-25
2nd innings,Rajasthan Royals,Delhi Capitals,4.1,SV Samson,DA Miller,R Ashwin,0,0,0,,,,,DC vs RR 2021-09-25,CB Gaffaney,UV Gandhe,SS Iyer,Delhi Capitals,Abu Dhabi,"Zayed Cricket Stadium, Abu Dhabi",2021-09-25
2nd innings,Rajasthan Royals,Delhi Capitals,4.2,SV Samson,DA Miller,R Ashwin,0,0,0,,DA Miller,stumped,RR Pant,DC vs RR 2021-09-25,CB Gaffaney,UV Gandhe,SS Iyer,Delhi Capitals,Abu Dhabi,"Zayed Cricket Stadium, Abu Dhabi",2021-09-25
2nd innings,Rajasthan Royals,Delhi Capitals,4.3,SV Samson,MK Lomror,R Ashwin,0,2,2,,,,,DC vs RR 2021-09-25,CB Gaffaney,UV Gandhe,SS Iyer,Delhi Capitals,Abu Dhabi,"Zayed Cricket Stadium, Abu Dhabi",2021-09-25
2nd innings,Rajasthan Royals,Delhi Capitals,4.4,SV Samson,MK Lomror,R Ashwin,0,0,0,,,,,DC vs RR 2021-09-25,CB Gaffaney,UV Gandhe,SS Iyer,Delhi Capitals,Abu Dhabi,"Zayed Cricket Stadium, Abu Dhabi",2021-09-25
2nd innings,Rajasthan Royals,Delhi Capitals,4.5,SV Samson,MK Lomror,R Ashwin,0,0,0,,,,,DC vs RR 2021-09-25,CB Gaffaney,UV Gandhe,SS Iyer,Delhi Capitals,Abu Dhabi,"Zayed Cricket Stadium, Abu Dhabi",2021-09-25
2nd innings,Rajasthan Royals,Delhi Capitals,4.6,SV Samson,MK Lomror,R Ashwin,0,0,0,,,,,DC vs RR 2021-09-25,CB Gaffaney,UV Gandhe,SS Iyer,Delhi Capitals,Abu Dhabi,"Zayed Cricket Stadium, Abu Dhabi",2021-09-25
2nd innings,Rajasthan Royals,Delhi Capitals,5.1,MK Lomror,SV Samson,K Rabada,0,1,1,,,,,DC vs RR 2021-09-25,CB Gaffaney,UV Gandhe,SS Iyer,Delhi Capitals,Abu Dhabi,"Zayed Cricket Stadium, Abu Dhabi",2021-09-25
2nd innings,Rajasthan Royals,Delhi Capitals,5.2,SV Samson,MK Lomror,K Rabada,0,0,0,,,,,DC vs RR 2021-09-25,CB Gaffaney,UV Gandhe,SS Iyer,Delhi Capitals,Abu Dhabi,"Zayed Cricket Stadium, Abu Dhabi",2021-09-25
2nd innings,Rajasthan Royals,Delhi Capitals,5.3,SV Samson,MK Lomror,K Rabada,0,0,0,,,,,DC vs RR 2021-09-25,CB Gaffaney,UV Gandhe,SS Iyer,Delhi Capitals,Abu Dhabi,"Zayed Cricket Stadium, Abu Dhabi",2021-09-25
2nd innings,Rajasthan Royals,Delhi Capitals,5.4,SV Samson,MK Lomror,K Rabada,0,0,0,,,,,DC vs RR 2021-09-25,CB Gaffaney,UV Gandhe,SS Iyer,Delhi Capitals,Abu Dhabi,"Zayed Cricket Stadium, Abu Dhabi",2021-09-25
2nd innings,Rajasthan Royals,Delhi Capitals,5.5,SV Samson,MK Lomror,K Rabada,0,1,1,,,,,DC vs RR 2021-09-25,CB Gaffaney,UV Gandhe,SS Iyer,Delhi Capitals,Abu Dhabi,"Zayed Cricket Stadium, Abu Dhabi",2021-09-25
2nd innings,Rajasthan Royals,Delhi Capitals,5.6,MK Lomror,SV Samson,K Rabada,0,0,0,,,,,DC vs RR 2021-09-25,CB Gaffaney,UV Gandhe,SS Iyer,Delhi Capitals,Abu Dhabi,"Zayed Cricket Stadium, Abu Dhabi",2021-09-25
2nd innings,Rajasthan Royals,Delhi Capitals,6.1,SV Samson,MK Lomror,R Ashwin,0,0,0,,,,,DC vs RR 2021-09-25,CB Gaffaney,UV Gandhe,SS Iyer,Delhi Capitals,Abu Dhabi,"Zayed Cricket Stadium, Abu Dhabi",2021-09-25
2nd innings,Rajasthan Royals,Delhi Capitals,6.2,SV Samson,MK Lomror,R Ashwin,0,1,1,,,,,DC vs RR 2021-09-25,CB Gaffaney,UV Gandhe,SS Iyer,Delhi Capitals,Abu Dhabi,"Zayed Cricket Stadium, Abu Dhabi",2021-09-25
2nd innings,Rajasthan Royals,Delhi Capitals,6.3,MK Lomror,SV Samson,R Ashwin,0,4,4,,,,,DC vs RR 2021-09-25,CB Gaffaney,UV Gandhe,SS Iyer,Delhi Capitals,Abu Dhabi,"Zayed Cricket Stadium, Abu Dhabi",2021-09-25
2nd innings,Rajasthan Royals,Delhi Capitals,6.4,MK Lomror,SV Samson,R Ashwin,0,1,1,,,,,DC vs RR 2021-09-25,CB Gaffaney,UV Gandhe,SS Iyer,Delhi Capitals,Abu Dhabi,"Zayed Cricket Stadium, Abu Dhabi",2021-09-25
2nd innings,Rajasthan Royals,Delhi Capitals,6.5,SV Samson,MK Lomror,R Ashwin,0,1,1,,,,,DC vs RR 2021-09-25,CB Gaffaney,UV Gandhe,SS Iyer,Delhi Capitals,Abu Dhabi,"Zayed Cricket Stadium, Abu Dhabi",2021-09-25
2nd innings,Rajasthan Royals,Delhi Capitals,6.6,MK Lomror,SV Samson,R Ashwin,0,0,0,,,,,DC vs RR 2021-09-25,CB Gaffaney,UV Gandhe,SS Iyer,Delhi Capitals,Abu Dhabi,"Zayed Cricket Stadium, Abu Dhabi",2021-09-25
2nd innings,Rajasthan Royals,Delhi Capitals,7.1,SV Samson,MK Lomror,AR Patel,0,1,1,,,,,DC vs RR 2021-09-25,CB Gaffaney,UV Gandhe,SS Iyer,Delhi Capitals,Abu Dhabi,"Zayed Cricket Stadium, Abu Dhabi",2021-09-25
2nd innings,Rajasthan Royals,Delhi Capitals,7.2,MK Lomror,SV Samson,AR Patel,1,0,1,wides,,,,DC vs RR 2021-09-25,CB Gaffaney,UV Gandhe,SS Iyer,Delhi Capitals,Abu Dhabi,"Zayed Cricket Stadium, Abu Dhabi",2021-09-25
2nd innings,Rajasthan Royals,Delhi Capitals,7.3,MK Lomror,SV Samson,AR Patel,0,1,1,,,,,DC vs RR 2021-09-25,CB Gaffaney,UV Gandhe,SS Iyer,Delhi Capitals,Abu Dhabi,"Zayed Cricket Stadium, Abu Dhabi",2021-09-25
2nd innings,Rajasthan Royals,Delhi Capitals,7.4,SV Samson,MK Lomror,AR Patel,0,1,1,,,,,DC vs RR 2021-09-25,CB Gaffaney,UV Gandhe,SS Iyer,Delhi Capitals,Abu Dhabi,"Zayed Cricket Stadium, Abu Dhabi",2021-09-25
2nd innings,Rajasthan Royals,Delhi Capitals,7.5,MK Lomror,SV Samson,AR Patel,0,0,0,,,,,DC vs RR 2021-09-25,CB Gaffaney,UV Gandhe,SS Iyer,Delhi Capitals,Abu Dhabi,"Zayed Cricket Stadium, Abu Dhabi",2021-09-25
2nd innings,Rajasthan Royals,Delhi Capitals,7.6,MK Lomror,SV Samson,AR Patel,0,1,1,,,,,DC vs RR 2021-09-25,CB Gaffaney,UV Gandhe,SS Iyer,Delhi Capitals,Abu Dhabi,"Zayed Cricket Stadium, Abu Dhabi",2021-09-25
2nd innings,Rajasthan Royals,Delhi Capitals,7.7,SV Samson,MK Lomror,AR Patel,0,1,1,,,,,DC vs RR 2021-09-25,CB Gaffaney,UV Gandhe,SS Iyer,Delhi Capitals,Abu Dhabi,"Zayed Cricket Stadium, Abu Dhabi",2021-09-25
2nd innings,Rajasthan Royals,Delhi Capitals,8.1,SV Samson,MK Lomror,R Ashwin,0,0,0,,,,,DC vs RR 2021-09-25,CB Gaffaney,UV Gandhe,SS Iyer,Delhi Capitals,Abu Dhabi,"Zayed Cricket Stadium, Abu Dhabi",2021-09-25
2nd innings,Rajasthan Royals,Delhi Capitals,8.2,SV Samson,MK Lomror,R Ashwin,0,6,6,,,,,DC vs RR 2021-09-25,CB Gaffaney,UV Gandhe,SS Iyer,Delhi Capitals,Abu Dhabi,"Zayed Cricket Stadium, Abu Dhabi",2021-09-25
2nd innings,Rajasthan Royals,Delhi Capitals,8.3,SV Samson,MK Lomror,R Ashwin,0,1,1,,,,,DC vs RR 2021-09-25,CB Gaffaney,UV Gandhe,SS Iyer,Delhi Capitals,Abu Dhabi,"Zayed Cricket Stadium, Abu Dhabi",2021-09-25
2nd innings,Rajasthan Royals,Delhi Capitals,8.4,MK Lomror,SV Samson,R Ashwin,0,1,1,,,,,DC vs RR 2021-09-25,CB Gaffaney,UV Gandhe,SS Iyer,Delhi Capitals,Abu Dhabi,"Zayed Cricket Stadium, Abu Dhabi",2021-09-25
2nd innings,Rajasthan Royals,Delhi Capitals,8.5,SV Samson,MK Lomror,R Ashwin,0,0,0,,,,,DC vs RR 2021-09-25,CB Gaffaney,UV Gandhe,SS Iyer,Delhi Capitals,Abu Dhabi,"Zayed Cricket Stadium, Abu Dhabi",2021-09-25
2nd innings,Rajasthan Royals,Delhi Capitals,8.6,SV Samson,MK Lomror,R Ashwin,0,1,1,,,,,DC vs RR 2021-09-25,CB Gaffaney,UV Gandhe,SS Iyer,Delhi Capitals,Abu Dhabi,"Zayed Cricket Stadium, Abu Dhabi",2021-09-25
2nd innings,Rajasthan Royals,Delhi Capitals,9.1,SV Samson,MK Lomror,AR Patel,0,1,1,,,,,DC vs RR 2021-09-25,CB Gaffaney,UV Gandhe,SS Iyer,Delhi Capitals,Abu Dhabi,"Zayed Cricket Stadium, Abu Dhabi",2021-09-25
2nd innings,Rajasthan Royals,Delhi Capitals,9.2,MK Lomror,SV Samson,AR Patel,0,1,1,,,,,DC vs RR 2021-09-25,CB Gaffaney,UV Gandhe,SS Iyer,Delhi Capitals,Abu Dhabi,"Zayed Cricket Stadium, Abu Dhabi",2021-09-25
2nd innings,Rajasthan Royals,Delhi Capitals,9.3,SV Samson,MK Lomror,AR Patel,0,1,1,,,,,DC vs RR 2021-09-25,CB Gaffaney,UV Gandhe,SS Iyer,Delhi Capitals,Abu Dhabi,"Zayed Cricket Stadium, Abu Dhabi",2021-09-25
2nd innings,Rajasthan Royals,Delhi Capitals,9.4,MK Lomror,SV Samson,AR Patel,0,0,0,,,,,DC vs RR 2021-09-25,CB Gaffaney,UV Gandhe,SS Iyer,Delhi Capitals,Abu Dhabi,"Zayed Cricket Stadium, Abu Dhabi",2021-09-25
2nd innings,Rajasthan Royals,Delhi Capitals,9.5,MK Lomror,SV Samson,AR Patel,0,1,1,,,,,DC vs RR 2021-09-25,CB Gaffaney,UV Gandhe,SS Iyer,Delhi Capitals,Abu Dhabi,"Zayed Cricket Stadium, Abu Dhabi",2021-09-25
2nd innings,Rajasthan Royals,Delhi Capitals,9.6,SV Samson,MK Lomror,AR Patel,0,1,1,,,,,DC vs RR 2021-09-25,CB Gaffaney,UV Gandhe,SS Iyer,Delhi Capitals,Abu Dhabi,"Zayed Cricket Stadium, Abu Dhabi",2021-09-25
2nd innings,Rajasthan Royals,Delhi Capitals,10.1,SV Samson,MK Lomror,K Rabada,0,0,0,,,,,DC vs RR 2021-09-25,CB Gaffaney,UV Gandhe,SS Iyer,Delhi Capitals,Abu Dhabi,"Zayed Cricket Stadium, Abu Dhabi",2021-09-25
2nd innings,Rajasthan Royals,Delhi Capitals,10.2,SV Samson,MK Lomror,K Rabada,0,0,0,,MK Lomror,caught,Avesh Khan,DC vs RR 2021-09-25,CB Gaffaney,UV Gandhe,SS Iyer,Delhi Capitals,Abu Dhabi,"Zayed Cricket Stadium, Abu Dhabi",2021-09-25
2nd innings,Rajasthan Royals,Delhi Capitals,10.3,SV Samson,R Parag,K Rabada,0,0,0,,,,,DC vs RR 2021-09-25,CB Gaffaney,UV Gandhe,SS Iyer,Delhi Capitals,Abu Dhabi,"Zayed Cricket Stadium, Abu Dhabi",2021-09-25
2nd innings,Rajasthan Royals,Delhi Capitals,10.4,SV Samson,R Parag,K Rabada,0,0,0,,,,,DC vs RR 2021-09-25,CB Gaffaney,UV Gandhe,SS Iyer,Delhi Capitals,Abu Dhabi,"Zayed Cricket Stadium, Abu Dhabi",2021-09-25
2nd innings,Rajasthan Royals,Delhi Capitals,10.5,SV Samson,R Parag,K Rabada,0,0,0,,,,,DC vs RR 2021-09-25,CB Gaffaney,UV Gandhe,SS Iyer,Delhi Capitals,Abu Dhabi,"Zayed Cricket Stadium, Abu Dhabi",2021-09-25
2nd innings,Rajasthan Royals,Delhi Capitals,10.6,SV Samson,R Parag,K Rabada,0,1,1,,,,,DC vs RR 2021-09-25,CB Gaffaney,UV Gandhe,SS Iyer,Delhi Capitals,Abu Dhabi,"Zayed Cricket Stadium, Abu Dhabi",2021-09-25
2nd innings,Rajasthan Royals,Delhi Capitals,11.1,SV Samson,R Parag,AR Patel,0,1,1,,,,,DC vs RR 2021-09-25,CB Gaffaney,UV Gandhe,SS Iyer,Delhi Capitals,Abu Dhabi,"Zayed Cricket Stadium, Abu Dhabi",2021-09-25
2nd innings,Rajasthan Royals,Delhi Capitals,11.2,R Parag,SV Samson,AR Patel,0,4,4,,,,,DC vs RR 2021-09-25,CB Gaffaney,UV Gandhe,SS Iyer,Delhi Capitals,Abu Dhabi,"Zayed Cricket Stadium, Abu Dhabi",2021-09-25
2nd innings,Rajasthan Royals,Delhi Capitals,11.3,R Parag,SV Samson,AR Patel,0,1,1,,,,,DC vs RR 2021-09-25,CB Gaffaney,UV Gandhe,SS Iyer,Delhi Capitals,Abu Dhabi,"Zayed Cricket Stadium, Abu Dhabi",2021-09-25
2nd innings,Rajasthan Royals,Delhi Capitals,11.4,SV Samson,R Parag,AR Patel,0,0,0,,,,,DC vs RR 2021-09-25,CB Gaffaney,UV Gandhe,SS Iyer,Delhi Capitals,Abu Dhabi,"Zayed Cricket Stadium, Abu Dhabi",2021-09-25
2nd innings,Rajasthan Royals,Delhi Capitals,11.5,SV Samson,R Parag,AR Patel,0,0,0,,R Parag,bowled,,DC vs RR 2021-09-25,CB Gaffaney,UV Gandhe,SS Iyer,Delhi Capitals,Abu Dhabi,"Zayed Cricket Stadium, Abu Dhabi",2021-09-25
2nd innings,Rajasthan Royals,Delhi Capitals,11.6,SV Samson,R Tewatia,AR Patel,0,1,1,,,,,DC vs RR 2021-09-25,CB Gaffaney,UV Gandhe,SS Iyer,Delhi Capitals,Abu Dhabi,"Zayed Cricket Stadium, Abu Dhabi",2021-09-25
2nd innings,Rajasthan Royals,Delhi Capitals,12.1,SV Samson,R Tewatia,R Ashwin,0,0,0,,,,,DC vs RR 2021-09-25,CB Gaffaney,UV Gandhe,SS Iyer,Delhi Capitals,Abu Dhabi,"Zayed Cricket Stadium, Abu Dhabi",2021-09-25
2nd innings,Rajasthan Royals,Delhi Capitals,12.2,SV Samson,R Tewatia,R Ashwin,0,0,0,,,,,DC vs RR 2021-09-25,CB Gaffaney,UV Gandhe,SS Iyer,Delhi Capitals,Abu Dhabi,"Zayed Cricket Stadium, Abu Dhabi",2021-09-25
2nd innings,Rajasthan Royals,Delhi Capitals,12.3,SV Samson,R Tewatia,R Ashwin,0,0,0,,,,,DC vs RR 2021-09-25,CB Gaffaney,UV Gandhe,SS Iyer,Delhi Capitals,Abu Dhabi,"Zayed Cricket Stadium, Abu Dhabi",2021-09-25
2nd innings,Rajasthan Royals,Delhi Capitals,12.4,SV Samson,R Tewatia,R Ashwin,0,1,1,,,,,DC vs RR 2021-09-25,CB Gaffaney,UV Gandhe,SS Iyer,Delhi Capitals,Abu Dhabi,"Zayed Cricket Stadium, Abu Dhabi",2021-09-25
2nd innings,Rajasthan Royals,Delhi Capitals,12.5,R Tewatia,SV Samson,R Ashwin,1,0,1,wides,,,,DC vs RR 2021-09-25,CB Gaffaney,UV Gandhe,SS Iyer,Delhi Capitals,Abu Dhabi,"Zayed Cricket Stadium, Abu Dhabi",2021-09-25
2nd innings,Rajasthan Royals,Delhi Capitals,12.6,R Tewatia,SV Samson,R Ashwin,0,0,0,,,,,DC vs RR 2021-09-25,CB Gaffaney,UV Gandhe,SS Iyer,Delhi Capitals,Abu Dhabi,"Zayed Cricket Stadium, Abu Dhabi",2021-09-25
2nd innings,Rajasthan Royals,Delhi Capitals,12.7,R Tewatia,SV Samson,R Ashwin,1,0,1,legbyes,,,,DC vs RR 2021-09-25,CB Gaffaney,UV Gandhe,SS Iyer,Delhi Capitals,Abu Dhabi,"Zayed Cricket Stadium, Abu Dhabi",2021-09-25
2nd innings,Rajasthan Royals,Delhi Capitals,13.1,R Tewatia,SV Samson,A Nortje,0,2,2,,,,,DC vs RR 2021-09-25,CB Gaffaney,UV Gandhe,SS Iyer,Delhi Capitals,Abu Dhabi,"Zayed Cricket Stadium, Abu Dhabi",2021-09-25
2nd innings,Rajasthan Royals,Delhi Capitals,13.2,R Tewatia,SV Samson,A Nortje,0,4,4,,,,,DC vs RR 2021-09-25,CB Gaffaney,UV Gandhe,SS Iyer,Delhi Capitals,Abu Dhabi,"Zayed Cricket Stadium, Abu Dhabi",2021-09-25
2nd innings,Rajasthan Royals,Delhi Capitals,13.3,R Tewatia,SV Samson,A Nortje,0,1,1,,,,,DC vs RR 2021-09-25,CB Gaffaney,UV Gandhe,SS Iyer,Delhi Capitals,Abu Dhabi,"Zayed Cricket Stadium, Abu Dhabi",2021-09-25
2nd innings,Rajasthan Royals,Delhi Capitals,13.4,SV Samson,R Tewatia,A Nortje,0,0,0,,,,,DC vs RR 2021-09-25,CB Gaffaney,UV Gandhe,SS Iyer,Delhi Capitals,Abu Dhabi,"Zayed Cricket Stadium, Abu Dhabi",2021-09-25
2nd innings,Rajasthan Royals,Delhi Capitals,13.5,SV Samson,R Tewatia,A Nortje,0,1,1,,,,,DC vs RR 2021-09-25,CB Gaffaney,UV Gandhe,SS Iyer,Delhi Capitals,Abu Dhabi,"Zayed Cricket Stadium, Abu Dhabi",2021-09-25
2nd innings,Rajasthan Royals,Delhi Capitals,13.6,R Tewatia,SV Samson,A Nortje,0,1,1,,,,,DC vs RR 2021-09-25,CB Gaffaney,UV Gandhe,SS Iyer,Delhi Capitals,Abu Dhabi,"Zayed Cricket Stadium, Abu Dhabi",2021-09-25
2nd innings,Rajasthan Royals,Delhi Capitals,14.1,R Tewatia,SV Samson,K Rabada,0,0,0,,,,,DC vs RR 2021-09-25,CB Gaffaney,UV Gandhe,SS Iyer,Delhi Capitals,Abu Dhabi,"Zayed Cricket Stadium, Abu Dhabi",2021-09-25
2nd innings,Rajasthan Royals,Delhi Capitals,14.2,R Tewatia,SV Samson,K Rabada,0,4,4,,,,,DC vs RR 2021-09-25,CB Gaffaney,UV Gandhe,SS Iyer,Delhi Capitals,Abu Dhabi,"Zayed Cricket Stadium, Abu Dhabi",2021-09-25
2nd innings,Rajasthan Royals,Delhi Capitals,14.3,R Tewatia,SV Samson,K Rabada,0,1,1,,,,,DC vs RR 2021-09-25,CB Gaffaney,UV Gandhe,SS Iyer,Delhi Capitals,Abu Dhabi,"Zayed Cricket Stadium, Abu Dhabi",2021-09-25
2nd innings,Rajasthan Royals,Delhi Capitals,14.4,SV Samson,R Tewatia,K Rabada,0,1,1,,,,,DC vs RR 2021-09-25,CB Gaffaney,UV Gandhe,SS Iyer,Delhi Capitals,Abu Dhabi,"Zayed Cricket Stadium, Abu Dhabi",2021-09-25
2nd innings,Rajasthan Royals,Delhi Capitals,14.5,R Tewatia,SV Samson,K Rabada,0,4,4,,,,,DC vs RR 2021-09-25,CB Gaffaney,UV Gandhe,SS Iyer,Delhi Capitals,Abu Dhabi,"Zayed Cricket Stadium, Abu Dhabi",2021-09-25
2nd innings,Rajasthan Royals,Delhi Capitals,14.6,R Tewatia,SV Samson,K Rabada,0,4,4,,,,,DC vs RR 2021-09-25,CB Gaffaney,UV Gandhe,SS Iyer,Delhi Capitals,Abu Dhabi,"Zayed Cricket Stadium, Abu Dhabi",2021-09-25
2nd innings,Rajasthan Royals,Delhi Capitals,15.1,SV Samson,R Tewatia,AR Patel,0,1,1,,,,,DC vs RR 2021-09-25,CB Gaffaney,UV Gandhe,SS Iyer,Delhi Capitals,Abu Dhabi,"Zayed Cricket Stadium, Abu Dhabi",2021-09-25
2nd innings,Rajasthan Royals,Delhi Capitals,15.2,R Tewatia,SV Samson,AR Patel,0,0,0,,,,,DC vs RR 2021-09-25,CB Gaffaney,UV Gandhe,SS Iyer,Delhi Capitals,Abu Dhabi,"Zayed Cricket Stadium, Abu Dhabi",2021-09-25
2nd innings,Rajasthan Royals,Delhi Capitals,15.3,R Tewatia,SV Samson,AR Patel,0,4,4,,,,,DC vs RR 2021-09-25,CB Gaffaney,UV Gandhe,SS Iyer,Delhi Capitals,Abu Dhabi,"Zayed Cricket Stadium, Abu Dhabi",2021-09-25
2nd innings,Rajasthan Royals,Delhi Capitals,15.4,R Tewatia,SV Samson,AR Patel,0,2,2,,,,,DC vs RR 2021-09-25,CB Gaffaney,UV Gandhe,SS Iyer,Delhi Capitals,Abu Dhabi,"Zayed Cricket Stadium, Abu Dhabi",2021-09-25
2nd innings,Rajasthan Royals,Delhi Capitals,15.5,R Tewatia,SV Samson,AR Patel,0,1,1,,,,,DC vs RR 2021-09-25,CB Gaffaney,UV Gandhe,SS Iyer,Delhi Capitals,Abu Dhabi,"Zayed Cricket Stadium, Abu Dhabi",2021-09-25
2nd innings,Rajasthan Royals,Delhi Capitals,15.6,SV Samson,R Tewatia,AR Patel,0,1,1,,,,,DC vs RR 2021-09-25,CB Gaffaney,UV Gandhe,SS Iyer,Delhi Capitals,Abu Dhabi,"Zayed Cricket Stadium, Abu Dhabi",2021-09-25
2nd innings,Rajasthan Royals,Delhi Capitals,16.1,SV Samson,R Tewatia,Avesh Khan,0,1,1,,,,,DC vs RR 2021-09-25,CB Gaffaney,UV Gandhe,SS Iyer,Delhi Capitals,Abu Dhabi,"Zayed Cricket Stadium, Abu Dhabi",2021-09-25
2nd innings,Rajasthan Royals,Delhi Capitals,16.2,R Tewatia,SV Samson,Avesh Khan,0,2,2,,,,,DC vs RR 2021-09-25,CB Gaffaney,UV Gandhe,SS Iyer,Delhi Capitals,Abu Dhabi,"Zayed Cricket Stadium, Abu Dhabi",2021-09-25
2nd innings,Rajasthan Royals,Delhi Capitals,16.3,R Tewatia,SV Samson,Avesh Khan,1,0,1,wides,,,,DC vs RR 2021-09-25,CB Gaffaney,UV Gandhe,SS Iyer,Delhi Capitals,Abu Dhabi,"Zayed Cricket Stadium, Abu Dhabi",2021-09-25
2nd innings,Rajasthan Royals,Delhi Capitals,16.4,R Tewatia,SV Samson,Avesh Khan,0,1,1,,,,,DC vs RR 2021-09-25,CB Gaffaney,UV Gandhe,SS Iyer,Delhi Capitals,Abu Dhabi,"Zayed Cricket Stadium, Abu Dhabi",2021-09-25
2nd innings,Rajasthan Royals,Delhi Capitals,16.5,SV Samson,R Tewatia,Avesh Khan,0,1,1,,,,,DC vs RR 2021-09-25,CB Gaffaney,UV Gandhe,SS Iyer,Delhi Capitals,Abu Dhabi,"Zayed Cricket Stadium, Abu Dhabi",2021-09-25
2nd innings,Rajasthan Royals,Delhi Capitals,16.6,R Tewatia,SV Samson,Avesh Khan,0,1,1,,,,,DC vs RR 2021-09-25,CB Gaffaney,UV Gandhe,SS Iyer,Delhi Capitals,Abu Dhabi,"Zayed Cricket Stadium, Abu Dhabi",2021-09-25
2nd innings,Rajasthan Royals,Delhi Capitals,16.7,SV Samson,R Tewatia,Avesh Khan,0,1,1,,,,,DC vs RR 2021-09-25,CB Gaffaney,UV Gandhe,SS Iyer,Delhi Capitals,Abu Dhabi,"Zayed Cricket Stadium, Abu Dhabi",2021-09-25
2nd innings,Rajasthan Royals,Delhi Capitals,17.1,SV Samson,R Tewatia,A Nortje,0,0,0,,,,,DC vs RR 2021-09-25,CB Gaffaney,UV Gandhe,SS Iyer,Delhi Capitals,Abu Dhabi,"Zayed Cricket Stadium, Abu Dhabi",2021-09-25
2nd innings,Rajasthan Royals,Delhi Capitals,17.2,SV Samson,R Tewatia,A Nortje,0,0,0,,R Tewatia,caught,SO Hetmyer,DC vs RR 2021-09-25,CB Gaffaney,UV Gandhe,SS Iyer,Delhi Capitals,Abu Dhabi,"Zayed Cricket Stadium, Abu Dhabi",2021-09-25
2nd innings,Rajasthan Royals,Delhi Capitals,17.3,SV Samson,T Shamsi,A Nortje,0,0,0,,,,,DC vs RR 2021-09-25,CB Gaffaney,UV Gandhe,SS Iyer,Delhi Capitals,Abu Dhabi,"Zayed Cricket Stadium, Abu Dhabi",2021-09-25
2nd innings,Rajasthan Royals,Delhi Capitals,17.4,SV Samson,T Shamsi,A Nortje,0,0,0,,,,,DC vs RR 2021-09-25,CB Gaffaney,UV Gandhe,SS Iyer,Delhi Capitals,Abu Dhabi,"Zayed Cricket Stadium, Abu Dhabi",2021-09-25
2nd innings,Rajasthan Royals,Delhi Capitals,17.5,SV Samson,T Shamsi,A Nortje,0,1,1,,,,,DC vs RR 2021-09-25,CB Gaffaney,UV Gandhe,SS Iyer,Delhi Capitals,Abu Dhabi,"Zayed Cricket Stadium, Abu Dhabi",2021-09-25
2nd innings,Rajasthan Royals,Delhi Capitals,17.6,T Shamsi,SV Samson,A Nortje,0,1,1,,,,,DC vs RR 2021-09-25,CB Gaffaney,UV Gandhe,SS Iyer,Delhi Capitals,Abu Dhabi,"Zayed Cricket Stadium, Abu Dhabi",2021-09-25
2nd innings,Rajasthan Royals,Delhi Capitals,18.1,T Shamsi,SV Samson,K Rabada,0,0,0,,,,,DC vs RR 2021-09-25,CB Gaffaney,UV Gandhe,SS Iyer,Delhi Capitals,Abu Dhabi,"Zayed Cricket Stadium, Abu Dhabi",2021-09-25
2nd innings,Rajasthan Royals,Delhi Capitals,18.2,T Shamsi,SV Samson,K Rabada,0,4,4,,,,,DC vs RR 2021-09-25,CB Gaffaney,UV Gandhe,SS Iyer,Delhi Capitals,Abu Dhabi,"Zayed Cricket Stadium, Abu Dhabi",2021-09-25
2nd innings,Rajasthan Royals,Delhi Capitals,18.3,T Shamsi,SV Samson,K Rabada,1,0,1,wides,,,,DC vs RR 2021-09-25,CB Gaffaney,UV Gandhe,SS Iyer,Delhi Capitals,Abu Dhabi,"Zayed Cricket Stadium, Abu Dhabi",2021-09-25
2nd innings,Rajasthan Royals,Delhi Capitals,18.4,T Shamsi,SV Samson,K Rabada,0,0,0,,,,,DC vs RR 2021-09-25,CB Gaffaney,UV Gandhe,SS Iyer,Delhi Capitals,Abu Dhabi,"Zayed Cricket Stadium, Abu Dhabi",2021-09-25
2nd innings,Rajasthan Royals,Delhi Capitals,18.5,T Shamsi,SV Samson,K Rabada,0,2,2,,,,,DC vs RR 2021-09-25,CB Gaffaney,UV Gandhe,SS Iyer,Delhi Capitals,Abu Dhabi,"Zayed Cricket Stadium, Abu Dhabi",2021-09-25
2nd innings,Rajasthan Royals,Delhi Capitals,18.6,T Shamsi,SV Samson,K Rabada,1,0,1,wides,,,,DC vs RR 2021-09-25,CB Gaffaney,UV Gandhe,SS Iyer,Delhi Capitals,Abu Dhabi,"Zayed Cricket Stadium, Abu Dhabi",2021-09-25
2nd innings,Rajasthan Royals,Delhi Capitals,18.7,T Shamsi,SV Samson,K Rabada,0,0,0,,,,,DC vs RR 2021-09-25,CB Gaffaney,UV Gandhe,SS Iyer,Delhi Capitals,Abu Dhabi,"Zayed Cricket Stadium, Abu Dhabi",2021-09-25
2nd innings,Rajasthan Royals,Delhi Capitals,18.8,T Shamsi,SV Samson,K Rabada,0,1,1,,,,,DC vs RR 2021-09-25,CB Gaffaney,UV Gandhe,SS Iyer,Delhi Capitals,Abu Dhabi,"Zayed Cricket Stadium, Abu Dhabi",2021-09-25
2nd innings,Rajasthan Royals,Delhi Capitals,19.1,T Shamsi,SV Samson,Avesh Khan,0,2,2,,,,,DC vs RR 2021-09-25,CB Gaffaney,UV Gandhe,SS Iyer,Delhi Capitals,Abu Dhabi,"Zayed Cricket Stadium, Abu Dhabi",2021-09-25
2nd innings,Rajasthan Royals,Delhi Capitals,19.2,T Shamsi,SV Samson,Avesh Khan,0,0,0,,,,,DC vs RR 2021-09-25,CB Gaffaney,UV Gandhe,SS Iyer,Delhi Capitals,Abu Dhabi,"Zayed Cricket Stadium, Abu Dhabi",2021-09-25
2nd innings,Rajasthan Royals,Delhi Capitals,19.3,T Shamsi,SV Samson,Avesh Khan,0,1,1,,,,,DC vs RR 2021-09-25,CB Gaffaney,UV Gandhe,SS Iyer,Delhi Capitals,Abu Dhabi,"Zayed Cricket Stadium, Abu Dhabi",2021-09-25
2nd innings,Rajasthan Royals,Delhi Capitals,19.4,SV Samson,T Shamsi,Avesh Khan,0,1,1,,,,,DC vs RR 2021-09-25,CB Gaffaney,UV Gandhe,SS Iyer,Delhi Capitals,Abu Dhabi,"Zayed Cricket Stadium, Abu Dhabi",2021-09-25
2nd innings,Rajasthan Royals,Delhi Capitals,19.5,T Shamsi,SV Samson,Avesh Khan,0,6,6,,,,,DC vs RR 2021-09-25,CB Gaffaney,UV Gandhe,SS Iyer,Delhi Capitals,Abu Dhabi,"Zayed Cricket Stadium, Abu Dhabi",2021-09-25
2nd innings,Rajasthan Royals,Delhi Capitals,19.6,T Shamsi,SV Samson,Avesh Khan,0,1,1,,,,,DC vs RR 2021-09-25,CB Gaffaney,UV Gandhe,SS Iyer,Delhi Capitals,Abu Dhabi,"Zayed Cricket Stadium, Abu Dhabi",2021-09-25
